{"cameraMode":{"drawMode":0,"name":"Shaded","section":"Shading Mode"},"sceneLighting":false,"audioPlay":false,"sceneViewState":{"m_AlwaysRefresh":false,"showFog":true,"showSkybox":false,"showFlares":true,"showImageEffects":true,"showParticleSystems":true,"showVisualEffectGraphs":true,"m_FxEnabled":true},"in2DMode":false,"pivot":{"x":-7.541100025177002,"y":1.9469342231750489,"z":14.780908584594727},"rotation":{"x":-0.30725499987602236,"y":-0.12880776822566987,"z":0.042015232145786288,"w":-0.9419445395469666},"size":2.4190902709960939,"orthographic":false}