{"cameraMode":{"drawMode":0,"name":"Shaded","section":"Shading Mode"},"sceneLighting":true,"audioPlay":false,"sceneViewState":{"m_AlwaysRefresh":false,"showFog":true,"showSkybox":true,"showFlares":true,"showImageEffects":true,"showParticleSystems":true,"showVisualEffectGraphs":true,"m_FxEnabled":true},"in2DMode":false,"pivot":{"x":-21.343006134033204,"y":9.869871139526368,"z":6.527390480041504},"rotation":{"x":0.037518203258514407,"y":-0.9254500865936279,"z":0.3644062280654907,"w":0.09669212996959686},"size":9.281355857849121,"orthographic":false}